start_date,start_time,title
2026-03-04,10:00,Welcome Wednesdays &#8211; Mar 04
2026-03-04,18:00,&#x1f4d6; Silent Reading
2026-03-04,18:00,Silent Reading
2026-03-04,19:00,Dal Theatre Society presents A Midsummer Night’s Stream &#8211; Mar 04
2026-03-04,20:00,Alan Doyle (WEDNESDAY)
2026-03-04,20:00,The Rock Orchestra By Candlelight
2026-03-04,20:00,Catherine Robertson&#8217;s Comedy Hour! &#8211; Mar 04
2026-03-04,22:00,Karaoke with Mimi! &#8211; Mar 04
2026-03-05,17:00,Wantaqpa&#8217;q / Calm Water: Paintings by Alex Balkam &#8211; Mar 05
2026-03-05,18:00,It&#8217;s About Time: Performance and Panel &#8211; Mar 05
2026-03-05,18:30,Bearly&#8217;s Trivia with Kieran!
2026-03-05,18:30,DJ Ahmet — Carbon Arc &#8211; Mar 05-14
2026-03-05,18:30,Candlelight: Best of Bridgerton on Strings &#8211; Waitlist &#8211; Mar 05
2026-03-05,19:00,Halifax Mooseheads vs Armada Blainville-boisbriand
2026-03-05,19:00,&#x1f602; MouseTrap Comedy w/ Better Times Comedy
2026-03-05,19:00,Better Times Comedy at Good Robot &#8211; Mar 05
2026-03-05,19:00,Dal Theatre Society presents A Midsummer Night’s Stream &#8211; Mar 05
2026-03-05,19:30,Mendelssohn&#8217;s Scottish &amp; Bruch&#8217;s Violin
2026-03-05,19:30,Alfie Zappacosta – Thursday
2026-03-05,19:30,Spontaneity: Murder Mystery &amp; Improv &#8211; Mar 05
2026-03-05,19:30,Live Art Dance: Graveyards and Gardens &#8211; Mar 05
2026-03-05,20:00,Alan Doyle (THURSDAY)
2026-03-05,20:00,Braden Lam &amp; School House &#8211; Mar 05
2026-03-05,20:30,Morgan Davis Trio &#8211; Mar 05
2026-03-06,17:30,Big Easy Fridays &#8211; Sounds of New Orleans with Mike Cowie &amp; John Alphonse
2026-03-06,18:00,Alliance Française Halifax presents: 1001 Crowns For My Head — Carbon Arc &#8211; Mar 06
2026-03-06,18:30,Candlelight: The Best of Hans Zimmer
2026-03-06,18:30,Candlelight: The Best of Hans Zimmer &#8211; Mar 06
2026-03-06,19:00,Halifax Mooseheads vs Cape Breton
2026-03-06,19:00,Dance Night
2026-03-06,19:00,Alistair Ogden&#8217;s Here For You | Live Stand Up Comedy in Halifax &#8211; 7PM
2026-03-06,19:30,Live Art Dance: Graveyards and Gardens &#8211; Mar 06
2026-03-06,20:00,Alan Doyle (FRIDAY)
2026-03-06,20:00,Alfie Zappacosta – Friday
2026-03-06,20:00,What People Are Saying &#8211; Mar 06
2026-03-06,20:00,6 TIX LEFT! Alfie Zappacosta – Friday &#8211; Mar 06
2026-03-06,20:00,DANIEL WOODROW
2026-03-06,20:00,5 TIX LEFT! Alfie Zappacosta – Friday &#8211; Mar 06
2026-03-06,20:00,2 TIX LEFT! Alfie Zappacosta – Friday &#8211; Mar 06
2026-03-06,20:00,Hedwig and the Angry Inch &#8211; Mar 06
2026-03-06,20:00,Travis Lindsay &#8211; Mar 06-7
2026-03-06,20:30,Fleapit Cinema presents: Gangsterism — Carbon Arc &#8211; Mar 06
2026-03-06,20:45,Candlelight: Tribute to Pink Floyd
2026-03-06,20:45,Candlelight: Tribute to Pink Floyd &#8211; Mar 06
2026-03-06,21:00,Comedians Solve The Housing Crisis | Live in Halifax!
2026-03-06,21:30,The Ordeals &#8211; Mar 06
2026-03-06,22:00,One Night In Ghana &#8211; Mar 06
2026-03-06,22:00,Coupl&#8217;a Queers presents: THEY HAVE LANDED!
2026-03-06,22:00,One Night In Ghana
2026-03-06,22:30,Club Mayhem
2026-03-07,00:00,Comedy Night: Special K&#8217;s Special Day
2026-03-07,10:00,Halifax Anime-Fest
2026-03-07,12:00,POTTERY: 3 HOUR WHEEL EXPERIENCE
2026-03-07,15:00,Rankin’s Winter Warmers
2026-03-07,16:00,Candlelight: The Lord of the Rings &#8211; Mar 07
2026-03-07,16:30,Joe Murphy and the Water St. Blues Band &#8211; Mar 07
2026-03-07,16:30,The Relics &#8211; Mar 07
2026-03-07,18:00,Aisha&#8217;s Story — Carbon Arc &#8211; Mar 07
2026-03-07,19:00,April Wine
2026-03-07,19:00,Halifax Thunderbirds vs. Las Vegas Desert Dogs
2026-03-07,19:00,Alistair Ogden&#8217;s Here For You | Live Stand Up Comedy in Halifax &#8211; 7PM
2026-03-07,19:30,A Li’l Affair
2026-03-07,19:30,Live Art Dance: Graveyards and Gardens &#8211; Mar 07
2026-03-07,20:00,WOMEN&#8217;S DAY CELEBRATION
2026-03-07,20:00,Gypsy – The Music Of Fleetwood Mac &#8211; Mar 07
2026-03-07,20:00,Hedwig and the Angry Inch &#8211; Mar 07
2026-03-07,20:30,After Hours &#8211; Catherine O&#8217;Hara Retrospective — Carbon Arc &#8211; Mar 07
2026-03-07,21:30,The Wicked Deadlys &#8211; Mar 07
2026-03-07,22:00,L&#8217;Esprit #4
2026-03-07,22:00,ALL NIGHT LONG: KITTYPOP &#8211; Mar 07
2026-03-07,23:00,Alistair Ogden&#8217;s Here For You | Live Stand Up Comedy in Halifax &#8211; 11PM
2026-03-07,23:00,LOVE ME JEJE: AN AFRO-RNB EXPERIENCE HALIFAX
2026-03-08,15:00,A Li’l Affair &#8211; Mar 08
2026-03-08,15:00,Country Cribbage with Gordy Tucker and Laura Wilson &#8211; Mar 08
2026-03-08,15:00,Queer Improv Drop-In (March 8) &#8211; Mar 08
2026-03-08,17:30,"Montréal, ma belle — Carbon Arc &#8211; Mar 08"
2026-03-08,18:30,Candlelight: Vivaldi’s Four Seasons &amp; More
2026-03-08,18:30,Candlelight: Vivaldi’s Four Seasons &amp; More &#8211; Mar 08
2026-03-08,19:00,Ian Janes &#8211; Mar 08
2026-03-08,19:00,"Chinese stand up comedy, “高分脱口秀专场《诺丁山恩仇记》 &#8211; Mar 08"
2026-03-08,20:00,The Legendary Blues Jam &#8211; Mar 08
2026-03-08,20:45,Candlelight: Tribute to Queen and The Beatles
2026-03-08,20:45,Candlelight: Tribute to British Rock Legends &#8211; Mar 08
2026-03-09,12:00,Scotiabank Centre Free Noon Skate
2026-03-09,19:00,Monday Night Trivia
2026-03-09,19:00,Cocktail Classes at Compass Distillers
2026-03-09,19:30,Morgan Davis
2026-03-10,18:30,Building the Ocean Terminals and Rail Cut Through Halifax
2026-03-10,19:00,Tuesday Night Jazz at The Shoe
2026-03-10,20:30,Garrett Mason
2026-03-11,18:00,Bring Your Own Craft Night at the Board Room Game Cafe!
2026-03-11,19:30,&#x1f3b2; Game Night | ~ 20-30 | Sold Out &#8211; Mar 11
2026-03-11,20:00,Catherine Robertson&#8217;s Comedy Hour! &#8211; Mar 11
2026-03-11,20:00,Comedy! Featuring some of the stars of 22 Minutes
2026-03-11,22:00,Karaoke with Mimi! &#8211; Mar 11
2026-03-12,18:30,Bearly&#8217;s Trivia with Kieran!
2026-03-12,18:30,The Voice of Hind Rajab — Carbon Arc &#8211; Mar 12
2026-03-12,19:00,&#x1f602; MouseTrap Comedy w/ Better Times Comedy
2026-03-12,19:00,Better Times Comedy at Good Robot &#8211; Mar 12
2026-03-12,20:30,Rabbit Town String Band &#8211; Mar 12
2026-03-12,20:45,Sentimental Value — Carbon Arc &#8211; Mar 12
2026-03-13,17:30,Big Easy Fridays &#8211; Sounds of New Orleans with Mike Cowie &amp; John Alphonse
2026-03-13,17:30,One Year Anniversary of Big Easy Fridays at Bearlys! &#8211; Mar 13
2026-03-13,18:00,Charitable Irish Society &#8211; Saint Patrick&#8217;s Day Dinner
2026-03-13,18:30,Yunan — Carbon Arc &#8211; Mar 13
2026-03-13,19:30,Halifax Thunderbirds vs. Toronto Rock
2026-03-13,19:30,The Beatles: Long &amp; Winding Road
2026-03-13,20:00,"Me, Myself &#038; Cecil"
2026-03-13,20:00,Ben Caplan + Moira &amp; Claire – Friday &#8211; Mar 13
2026-03-13,20:00,Esdaile Live @ The Sanctuary Arts Centre – Single Release Show &#8211; Mar 13
2026-03-13,20:00,Clare Belford &#8211; Mar 13-14
2026-03-13,21:30,Roxy and the Underground Soul Sound &#8211; Mar 13
2026-03-13,22:00,Cloverdale presents: Channel 303 Pt II &#8211; Mar 13
2026-03-13,22:00,Heated Rivalrave
2026-03-13,23:00,HEATED RIVALRAVE &#8211; Mar 13
2026-03-14,15:00,Rankin’s Winter Warmers
2026-03-14,16:00,&#x1f9d8;&#x200d;&#x2640;&#xfe0f;&#x1f9d8;&#x200d;&#x2642;&#xfe0f; Yoga Class | ~ 30-45 | Sold Out &#8211; Mar 14
2026-03-14,16:30,Zack Miller and the Yodelehee Few &#8211; Mar 14
2026-03-14,19:00,+LIVE+: Like A Rollin&#8217; Thunder Tour
2026-03-14,19:00,Griffen Moore Solo with Special Guest Rose Moore &#8211; Mar 14
2026-03-14,19:30,Cecilia Concerts: Charles Yang &amp; Peter Dugan
2026-03-14,19:30,Cecilia Concerts: Charles Yang &amp; Peter Dugan &#8211; Mar 14
2026-03-14,20:00,Ria Mae: Tour TWO presented by Whitecap Entertainment
2026-03-14,20:00,The Irish Descendants
2026-03-14,20:00,The Irish Descendants &#8211; Mar 14
2026-03-14,20:00,Ben Caplan + Moira &amp; Claire – Saturday &#8211; Mar 14
2026-03-14,20:00,SOLD OUT: Ben Caplan + Moira &amp; Claire – Saturday &#8211; Mar 14
2026-03-14,20:30,Beetlejuice &#8211; Catherine O&#8217;Hara Retrospective — Carbon Arc &#8211; Mar 14
2026-03-14,21:00,DANCING QUEEN &#8211; Mar 14
2026-03-14,21:00,Haliqueer 2026: Out of this World
2026-03-14,21:00,THRIVE 3.0
2026-03-14,21:30,The Blue Devils &#8211; Mar 14
2026-03-14,22:00,Back In The Day R&amp;B Party
2026-03-14,23:00,Y2K &#8211; Mar 14
2026-03-15,15:00,Country Cribbage with Sunrise &#8211; Mar 15
2026-03-15,16:00,&#x1f9d8;&#x200d;&#x2640;&#xfe0f;&#x1f9d8;&#x200d;&#x2642;&#xfe0f; Yoga Class | ~ 40-55 | Sold Out &#8211; Mar 15
2026-03-15,17:30,Lucid Toons presents: Fleischer Toons Restored! — Carbon Arc &#8211; Mar 15
2026-03-15,18:30,Oscars Watch Party &#8211; Mar 15-16
2026-03-15,19:00,Lynne Hanson
2026-03-15,20:00,The Legendary Blues Jam &#8211; Mar 15
2026-03-15,20:30,The Secret Agent — Carbon Arc &#8211; Mar 15
2026-03-16,10:00,March Break Drop-in Activity: Stitching With The Jipijka’m &#8211; Mar 16-20
2026-03-16,13:00,March Break Drop-In Activity: Rug Hooking Together &#8211; Mar 16-20
2026-03-16,19:00,Monday Night Trivia &#8211; Mar 16
2026-03-16,19:30,Morgan Davis
2026-03-16,19:30,&#x1f495; Mini Dates | ~ 30-45 | Sold Out &#8211; Mar 16
2026-03-17,00:00,Activities &#8211; Mar 17
2026-03-17,00:00,"HRM’s Big Backyard – March 17, 2026 &#8211; Mar 17"
2026-03-17,00:00,St. Patrick’s Day &#8211; Mar 17
2026-03-17,15:30,St. Patrick’s Day &#8211; Mar 17
2026-03-17,19:00,Tuesday Night Jazz at The Shoe
2026-03-17,19:00,Halifax Hoopers vs Antigonish
2026-03-17,19:00,THE STANFIELDS ST. PATRICK&#8217;S DAY w/ THE TOWN HEROES
2026-03-17,19:00,CategoryEvents &#8211; Mar 17
2026-03-17,19:00,&#x1f483; Dance Class | ~ 25-35 | Sold Out &#8211; Mar 17
2026-03-17,19:30,St. Patrick’s Day &#8211; Mar 17
2026-03-17,20:00,Tracy &amp; Martina: Live (TUESDAY)
2026-03-17,20:30,Garrett Mason
2026-03-18,20:00,Tracy &amp; Martina: Live (WEDNESDAY)
2026-03-18,20:00,Catherine Robertson&#8217;s Comedy Hour! &#8211; Mar 18
2026-03-18,22:00,Karaoke with Mimi! &#8211; Mar 18
2026-03-19,00:00,2026 U SPORTS Mens Hockey Championship Tournament Package
2026-03-19,00:00,Pop-Up Love Party
2026-03-19,18:30,Bearly&#8217;s Trivia with Kieran!
2026-03-19,18:30,"Spare My Bones, Coyote! — Carbon Arc &#8211; Mar 19"
2026-03-19,19:00,Better Times Comedy at Good Robot &#8211; Mar 19
2026-03-19,19:30,Shaggy Dog: Stories At The Carleton &#8211; Mar 19
2026-03-19,19:30,&#x1f56f;&#xfe0f; Dinner Party | Multiple Age Groups &#8211; Mar 19
2026-03-19,19:30,&#x1f56f;&#xfe0f; Dinner Parties | 20s &#8211; 60&#8217;s | Multiple Events &#8211; Mar 19
2026-03-19,20:00,Tracy &amp; Martina: Live
2026-03-19,20:00,Tracy &amp; Martina: Live (THURSDAY)
2026-03-19,20:00,Tracy &amp; Martina: Live &#8211; Mar 19
2026-03-19,20:30,The MacMillan&#8217;s Camp Boys &#8211; Mar 19
2026-03-20,17:30,Big Easy Fridays &#8211; Sounds of New Orleans with Mike Cowie &amp; John Alphonse
2026-03-20,18:30,Yi Yi — Carbon Arc &#8211; Mar 20
2026-03-20,19:30,&#x1f469;&#x200d;&#x2764;&#xfe0f;&#x200d;&#x1f468; Reserved for Two | Multiple Age Groups &#8211; Mar 20
2026-03-20,19:30,&#x1f56f;&#xfe0f; Dinner Party | Multiple Age Groups &#8211; Mar 20
2026-03-20,19:30,&#x1f469;&#x200d;&#x2764;&#xfe0f;&#x200d;&#x1f468; Reserved for Two &#8211; Mar 20
2026-03-20,19:30,&#x1f56f;&#xfe0f; Dinner Parties | 20s &#8211; 60&#8217;s | Multiple Events &#8211; Mar 20
2026-03-20,20:00,Merry Melodramas Presents: Sgt. Pepper&#8217;s Lonely Hearts Club!
2026-03-20,20:00,Cameron Nickerson Album Release + Taylor Jensen
2026-03-20,20:00,John Perrotta &#8211; Mar 20-21
2026-03-20,21:30,Big Country Ramblers &#8211; Mar 20
2026-03-21,13:00,Broadway Brunch – Stephen Sondheim vs Andrew Lloyd Webber – Saturday &#8211; Mar 21
2026-03-21,15:00,FREE Family Series: Newcomers!
2026-03-21,16:30,Brian Bourne Trio &#8211; Mar 21
2026-03-21,18:00,Miroirs No. 3 — Carbon Arc &#8211; Mar 21-29
2026-03-21,19:30,&#x1f469;&#x200d;&#x2764;&#xfe0f;&#x200d;&#x1f468; Reserved for Two | Multiple Age Groups &#8211; Mar 21
2026-03-21,19:30,&#x1f469;&#x200d;&#x2764;&#xfe0f;&#x200d;&#x1f468; Reserved for Two &#8211; Mar 21
2026-03-21,20:00,Merry Melodramas Presents: Sgt. Pepper&#8217;s Lonely Hearts Club!
2026-03-21,20:00,What People Are Saying &#8211; Mar 21
2026-03-21,20:00,NATASHA CHANDEL
2026-03-21,20:00,Sekhon X &#8211; Mar 21
2026-03-21,20:30,Waiting for Guffman &#8211; Catherine O&#8217;Hara Retrospective — Carbon Arc &#8211; Mar 21
2026-03-21,21:00,ABSOLUTE LOSERS: IN THE CROWD TOUR W/ BILL RICKY &#8211; Mar 21
2026-03-21,21:30,Joe Murphy CD Release &#8211; Mar 21
2026-03-22,13:00,Broadway Brunch – Stephen Sondheim vs Andrew Lloyd Webber – Sunday &#8211; Mar 22
2026-03-22,15:00,Country Cribbage with Michelle Mock &#8211; Mar 22
2026-03-22,20:00,The Legendary Blues Jam &#8211; Mar 22
2026-03-23,19:00,Cocktail Classes at Compass Distillers
2026-03-23,19:00,Monday Night Trivia &#8211; Mar 23
2026-03-23,19:30,Morgan Davis
2026-03-23,19:30,&#x1f495; Mini Dates | ~ 45-60 &#8211; Mar 23
2026-03-23,19:30,&#x1f495; Mini Dates | ~ 45-65 &#8211; Mar 23
2026-03-24,00:00,Chase the Ace
2026-03-24,18:30,Broadside: The Hebridean Sinking and Secrets
2026-03-24,19:00,Tuesday Night Jazz at The Shoe
2026-03-24,19:30,&#x1f495; Mini Dates | ~ 25-35 &#8211; Mar 24
2026-03-24,19:30,&#x1f3b2; Game Night | ~ 25-35 &#8211; Mar 24
2026-03-24,20:30,Garrett Mason
2026-03-25,20:00,Catherine Robertson&#8217;s Comedy Hour! &#8211; Mar 25
2026-03-25,20:00,Comedy! Featuring some of the stars of 22 Minutes
2026-03-25,22:00,Karaoke with Mimi! &#8211; Mar 25
2026-03-26,18:30,Bearly&#8217;s Trivia with Kieran!
2026-03-26,19:00,Better Times Comedy at Good Robot &#8211; Mar 26
2026-03-26,19:30,Mahler&#8217;s Titan Symphony
2026-03-26,19:30,&#x1f56f;&#xfe0f; Dinner Party | Multiple Age Groups &#8211; Mar 26
2026-03-26,19:30,&#x1f56f;&#xfe0f; Dinner Parties | 20s &#8211; 60&#8217;s | Multiple Events &#8211; Mar 26
2026-03-26,20:00,Pro-Am Night Halifax
2026-03-26,20:30,Verry Gerry &#8211; Mar 26
2026-03-27,17:30,Big Easy Fridays &#8211; Sounds of New Orleans with Mike Cowie &amp; John Alphonse
2026-03-27,19:00,"Painting &amp; Pints: Maud Lewis &#8216; Lighthouse, Yarmouth County"
2026-03-27,19:30,&#x1f56f;&#xfe0f; Dinner Party | Multiple Age Groups &#8211; Mar 27
2026-03-27,19:30,&#x1f469;&#x200d;&#x2764;&#xfe0f;&#x200d;&#x1f468; Reserved for Two | Multiple Age Groups &#8211; Mar 27
2026-03-27,19:30,&#x1f56f;&#xfe0f; Dinner Parties | 20s &#8211; 60&#8217;s | Multiple Events &#8211; Mar 27
2026-03-27,19:30,&#x1f469;&#x200d;&#x2764;&#xfe0f;&#x200d;&#x1f468; Reserved for Two &#8211; Mar 27
2026-03-27,20:00,The Story of Waylon
2026-03-27,20:00,The Story of Waylon &#8211; Mar 27
2026-03-27,20:00,Floodland Plays The Beatles &#8211; Mar 27
2026-03-27,20:00,What People Are Saying &#8211; Mar 27
2026-03-27,20:00,SCOTT BELFORD
2026-03-27,20:00,Jfl Showcase &#8211; Mar 27
2026-03-27,21:30,The Brood &#8211; Mar 27
2026-03-27,22:00,BLEU NUIT PRESENTS: BLOG HAUS w/ DJS T-WOO &amp; DOUBLE A &#8211; Mar 27
2026-03-28,13:00,Sly Fox &#8211; Mar 28
2026-03-28,13:30,SOLD OUT: A Tribute To John Prine
2026-03-28,13:30,A Tribute To John Prine
2026-03-28,13:30,A Tribute To John Prine &#8211; Mar 28
2026-03-28,15:00,&#x1f48e; The Blind Date Edition | 20&#8217;s &#8211; 40&#8217;s | Sold Out &#8211; Mar 28
2026-03-28,16:30,The Relics &#8211; Mar 28
2026-03-28,19:30,Cecilia Concerts: IDENTITY: A Song Cycle &#8211; Mar 28
2026-03-28,20:00,Bruce Guthro&#8217;s Songwriters&#8217; Circle
2026-03-28,20:00,Bruce Guthro&#8217;s Songwriters&#8217; Circle &#8211; Mar 28
2026-03-28,20:00,SOLD OUT A Tribute To John Prine – evening &#8211; Mar 28
2026-03-28,20:00,Andrew Evans &#8211; Mar 28
2026-03-28,20:00,Fantasy Fable Masquerade
2026-03-28,21:00,The Fabulously Rich &#8211; A Tribute to The Tragically Hip
2026-03-28,21:30,The Six Star Revue &#8211; Mar 28
2026-03-28,22:00,Monster Ball: Gaga Birthday Edition &#8211; Mar 28
2026-03-28,22:00,PORTVL &#8211; Mar 28
2026-03-29,15:00,Country Cribbage with The Wild Mustard Revival &#8211; Mar 29
2026-03-29,18:00,&#x1f9d8;&#x200d;&#x2640;&#xfe0f;&#x1f9d8;&#x200d;&#x2642;&#xfe0f; Yoga Class | ~ 20-25 | Sold Out &#8211; Mar 29
2026-03-29,19:00,Shine Blue – In Support of Autism Nova Scotia
2026-03-29,20:00,The Legendary Blues Jam &#8211; Mar 29
2026-03-30,19:00,Monday Night Trivia &#8211; Mar 30
2026-03-30,19:30,Morgan Davis
2026-03-31,18:30,Exploring Spring Under the Water &#8211; Microscopic Blooms
2026-03-31,19:00,Tuesday Night Jazz at The Shoe
2026-03-31,19:30,Music of the Night &#8211; Mar 31
2026-03-31,20:30,Garrett Mason
2026-04-01,18:00,&#x1f4d6; Silent Reading &#8211; Apr 01
2026-04-01,20:00,Catherine Robertson&#8217;s Comedy Hour! &#8211; Apr 01
2026-04-02,18:30,Bearly&#8217;s Trivia with Kieran!
2026-04-02,19:30,8 TIX LEFT! Charlie A’Court &#8211; Apr 02
2026-04-02,19:30,SOLD OUT: Charlie A’Court &#8211; Apr 02
2026-04-02,20:30,Morgan Davis Trio &#8211; Apr 02
2026-04-03,17:30,Big Easy Fridays &#8211; Sounds of New Orleans with Mike Cowie &amp; John Alphonse
2026-04-03,20:00,TILT &#8211; a hybrid improv/theatre show by Solo Chicken Productions
2026-04-03,20:00,Parabolus : The Complete TOOL Experience
2026-04-03,20:00,Charlie A’Court – Friday &#8211; Apr 03
2026-04-03,21:30,Only Good Company  &amp; Lizard Hips &#8211; Apr 03
2026-04-04,14:00,Someplace Believing: The Musical &#8211; Apr 04
2026-04-04,16:30,Joe Murphy and the Water St. Blues Band &#8211; Apr 04
2026-04-04,19:00,Halifax Thunderbirds vs. Rochester Knighthawks
2026-04-04,19:00,Cancer Bats Celebrating 20yrs of Birthing The Giant Live in Halifax
2026-04-04,20:00,Sam Roberts Band &#8211; Chemical City 20th Anniversary
2026-04-04,20:00,Ty Messick &amp; Friends &#8211; Apr 04
2026-04-04,21:30,Shriley Jackson and her Good Rockin&#8217; Daddies &#8211; Apr 04
2026-04-06,19:00,Sabaton: Legends on Tour
2026-04-06,19:30,Morgan Davis
2026-04-06,19:30,Blue Mondays with Morgan Davis &#8211; Apr 06
2026-04-07,18:30,Sound Like a Sailor &#8211; The Book of Nautical Expressions
2026-04-07,19:00,Tuesday Night Jazz at The Shoe
2026-04-07,20:30,Garrett Mason
2026-04-08,20:00,Catherine Robertson&#8217;s Comedy Hour! &#8211; Apr 08
2026-04-09,18:30,Bearly&#8217;s Trivia with Kieran!
2026-04-09,20:00,Roy Orbison and Everly Brothers Reimagined &#8211; Apr 09
2026-04-10,17:30,Big Easy Fridays &#8211; Sounds of New Orleans with Mike Cowie &amp; John Alphonse
2026-04-10,19:30,Goo Goo Dolls &#8211; Canada Spring 2026
2026-04-10,19:30,Disney Pride in Concert
2026-04-10,20:00,What People Are Saying &#8211; Apr 10
2026-04-10,20:00,Caledonia &#8211; Apr 10
2026-04-10,20:00,Abbas Wahab LIVE in Halifax
2026-04-10,20:00,Tayler Jade Trio with Special Guests The Johnsons &#8211; Apr 10
2026-04-10,21:30,Shrimp Daddy &amp; The Sharpshooters &#8211; Apr 10
2026-04-11,00:00,Sable Pipeline and High Tides (n)
2026-04-11,16:30,Buddy Daniels &#8211; Apr 11
2026-04-11,19:00,Mark Forward Live at the Good Robot
2026-04-11,19:30,"Cecilia Concerts: Charlotte Thiele, Bryan Cheng, &amp; Silvie Cheng: Legacy &#8211; Apr 11"
2026-04-11,20:00,Brent Butt
2026-04-11,20:00,Brent Butt &#8211; Apr 11
2026-04-11,20:00,Maximum Overdrive &#8211; Apr 11
2026-04-11,21:00,"BABES, BABES, BABES! Burlesque and Drag Show – Halifax &#8211; Apr 11"
2026-04-11,21:30,Lisa Richard &#8211; Apr 11
2026-04-11,21:30,NAUTICUS – Neon Afterglow &#8211; Apr 11
2026-04-12,15:00,Country Cribbage with Apalooza &#8211; Apr 12
2026-04-13,19:30,Morgan Davis
2026-04-13,19:30,Blue Mondays with Morgan Davis &#8211; Apr 13
2026-04-14,18:30,"BOAT: Fact, Imagination &amp; Maritime Model Boats"
2026-04-14,19:00,Tuesday Night Jazz at The Shoe
2026-04-14,20:30,Garrett Mason
2026-04-15,20:00,Catherine Robertson&#8217;s Comedy Hour! &#8211; Apr 15
2026-04-16,18:30,Bearly&#8217;s Trivia with Kieran!
2026-04-16,19:30,Jeremy Dutcher &amp; the National Arts Centre Orchestra
2026-04-16,19:30,Jamie Fontaine &#8211; Apr 16
2026-04-17,17:30,Big Easy Fridays &#8211; Sounds of New Orleans with Mike Cowie &amp; John Alphonse
2026-04-17,19:30,Lunenburg: Purcell&#8217;s King Arthur &amp; The Fairy Queen
2026-04-17,20:00,8 TIX LEFT! Steve Poltz – Friday
2026-04-17,20:00,8 TIX LEFT! Steve Poltz – Friday &#8211; Apr 17
2026-04-17,20:00,SOLD OUT: Steve Poltz – Friday &#8211; Apr 17
2026-04-17,21:30,Andrew Gillis &amp; The Jump Blues Allstars &#8211; Apr 17
2026-04-17,22:00,KRANIUM – HALIFAX *LIVE IN CONCERT* &#8211; Apr 17
2026-04-18,13:30,Steve Poltz – Saturday matinee
2026-04-18,13:30,Steve Poltz – Saturday matinee &#8211; Apr 18
2026-04-18,13:30,8 TIX LEFT! Steve Poltz – Saturday matinee &#8211; Apr 18
2026-04-18,13:30,6 TIX LEFT! Steve Poltz – Saturday matinee &#8211; Apr 18
2026-04-18,13:30,2 TIX LEFT! Steve Poltz – Saturday matinee &#8211; Apr 18
2026-04-18,14:00,Halifax Wanderers FC vs. Pacific FC &#8211; Apr 18
2026-04-18,19:00,Halifax Thunderbirds vs. Ottawa Black Bears
2026-04-18,19:00,Pours For Paws &#8211; Apr 18
2026-04-18,20:00,Steve Poltz – Saturday eve
2026-04-18,20:00,Steve Poltz – Saturday eve &#8211; Apr 18
2026-04-18,21:30,Mat Hughes &amp; Mat Elliot &#8211; Apr 18
2026-04-18,21:30,J.A.G. with John B Main &#8211; Apr 18
2026-04-19,13:30,Steve Poltz – Sunday matinee
2026-04-19,13:30,Steve Poltz – Sunday matinee &#8211; Apr 19
2026-04-19,14:00,Purcell&#8217;s King Arthur &amp; The Fairy Queen
2026-04-19,15:00,Country Cribbage with Manderville Folk band &#8211; Apr 19
2026-04-19,19:00,Steve Poltz – Sunday eve
2026-04-19,19:00,Steve Poltz – Sunday eve &#8211; Apr 19
2026-04-20,19:30,Morgan Davis
2026-04-20,19:30,Blue Mondays with Morgan Davis &#8211; Apr 20
2026-04-21,18:30,From Trap to Tide: The Remarkable Journey of Two Rare Lobsters &#8211; Apr 21
2026-04-21,19:00,Tuesday Night Jazz at The Shoe
2026-04-21,20:30,Garrett Mason
2026-04-22,20:00,Catherine Robertson&#8217;s Comedy Hour! &#8211; Apr 22
2026-04-23,18:30,Bearly&#8217;s Trivia with Kieran!
2026-04-23,19:00,Stars On Ice Pre-Show Stargazer Pass: 3:30pm &#8211; 5:45pm
2026-04-23,19:00,Stars on Ice
2026-04-23,19:00,Cara Luft
2026-04-23,20:00,Cameron Hawes Band &#8211; Apr 23
2026-04-24,17:30,Big Easy Fridays &#8211; Sounds of New Orleans with Mike Cowie &amp; John Alphonse
2026-04-24,19:00,Halifax Hoopers vs Antigonish
2026-04-24,21:00,"Tomorrow’s Problem – Featuring Wil C, Elysium, Devluvchase &amp; Qstatess &#8211; Apr 24"
2026-04-24,21:00,THE SATELLITES PRESENT: Dave Matthews Band Tribute &#8211; Apr 24
2026-04-24,21:30,Andrew Moore &#8211; Apr 24
2026-04-25,13:00,Halifax Tides FC vs. Ottawa Rapid FC &#8211; Apr 25
2026-04-25,18:30,Candlelight: The Best of Hans Zimmer &#8211; Apr 25
2026-04-25,19:30,Heather Rankin
2026-04-25,19:30,Cecilia Concerts: Isidore Quartet: Brahms &#8211; The Admirer &#8211; Apr 25
2026-04-25,20:00,Bruce McCulloch &#8211; The Dark Purple Slice Tour
2026-04-25,20:00,Strange Plants + Logan Edward MacKay &#8211; Apr 25
2026-04-25,20:45,Candlelight: Tribute to Taylor Swift &#8211; Apr 25
2026-04-25,21:30,Blake Johnston &#8211; Apr 25
2026-04-26,19:00,THIRTEEN GHOSTS: A Burlesque and Drag Show &#8211; Apr 26
2026-04-27,19:30,Morgan Davis
2026-04-27,19:30,Blue Mondays with Morgan Davis &#8211; Apr 27
2026-04-28,00:00,The Ghost of Violet Shaw
2026-04-28,00:00,The Ghost of Violet Shaw &#8211; Apr 28
2026-04-28,19:00,Tuesday Night Jazz at The Shoe
2026-04-28,19:00,Jane Siberry &#8211; Apr 28
2026-04-28,19:00,Jane Siberry – Tuesday &#8211; Apr 28
2026-04-28,20:00,Triumph: The Rock &amp; Roll Machine Reloaded Tour
2026-04-28,20:00,Triumph: The Rock &amp; Roll Machine Reloaded Tour &#8211; Apr 28
2026-04-28,20:30,Garrett Mason
2026-04-29,19:00,Imbibe: A Cocktail Event
2026-04-29,19:00,Jane Siberry &#8211; Apr 29
2026-04-29,19:00,10 TIX LEFT! Jane Siberry – Wednesday &#8211; Apr 29
2026-04-29,19:00,6 TIX LEFT! Jane Siberry – Wednesday &#8211; Apr 29
2026-04-29,19:00,SOLD OUT: Jane Siberry – Wednesday &#8211; Apr 29
2026-04-29,20:00,Catherine Robertson&#8217;s Comedy Hour! &#8211; Apr 29
2026-04-30,18:30,Bearly&#8217;s Trivia with Kieran!
2026-04-30,19:30,Dvořák’s Cello Concerto
2026-04-30,19:30,Acadian Embassy Présente: Caroline Savoie &#8211; Apr 30
2026-04-30,19:30,Stand-up &amp; Improv Show
2026-04-30,20:00,Celtic Woman &#8211; A New Era
2026-05-01,17:30,Big Easy Fridays &#8211; Sounds of New Orleans with Mike Cowie &amp; John Alphonse
2026-05-01,18:00,Bearly&#8217;s 40th Birthday Extravaganza! (Music TBA) &#8211; May 01
2026-05-01,19:30,Lighthouse &amp; Pine Theatre Collective proudly presents The Last Five Years &#8211; May 01
2026-05-01,20:00,Ben’s Doing Fine Live at Stage1
2026-05-01,20:00,What People Are Saying &#8211; May 01
2026-05-01,20:00,Two Asians One Mic
2026-05-01,20:00,Ivytide w/ Jenny &amp; The Tide &#8211; May 01
2026-05-02,14:00,NSYO: A Joyous Trilogy
2026-05-02,14:00,Lighthouse &amp; Pine Theatre Collective proudly presents The Last Five Years &#8211; May 02
2026-05-02,15:00,Halifax Wanderers FC vs. Forge FC &#8211; May 02
2026-05-02,15:00,Bearly&#8217;s 40th Birthday Extravaganza! (Music TBA) &#8211; May 02
2026-05-02,20:00,Campbell &amp; Johnston &#8211; May 02
2026-05-02,21:00,ALERT THE MEDIC 20TH ANNIVERSARY &#8211; May 02
2026-05-03,13:00,Razzmatazz For Kids &#8211; May 03
2026-05-03,15:00,Bearly&#8217;s 40th Birthday Extravaganza! &#8211; May 03
2026-05-03,19:00,Connie Kaldor &#8211; May 03
2026-05-03,19:00,Comedy Misfits Woodstock &#8211; May 03
2026-05-04,19:30,Morgan Davis
2026-05-04,19:30,Nova Sinfonia: Conductor Greg Burton Soloist Brittany Cann (Sporano) &#8211; May 04
2026-05-05,19:00,Tuesday Night Jazz at The Shoe
2026-05-05,20:30,Garrett Mason
2026-05-06,19:00,Craft Draught Showdown: Burnside VS Gahan &#8211; May 06
2026-05-06,19:30,Halifax Comedy Fest: Opening Gala
2026-05-06,20:00,Catherine Robertson&#8217;s Comedy Hour! &#8211; May 06
2026-05-07,18:30,Bearly&#8217;s Trivia with Kieran!
2026-05-07,18:30,Halifax Comedy Festival: All Star Show
2026-05-07,19:30,All Star Comedy Show &#8211; May 07
2026-05-07,20:00,ALT CTRL – Supergroup Therapy Class &#8211; May 07
2026-05-08,17:30,Big Easy Fridays &#8211; Sounds of New Orleans with Mike Cowie &amp; John Alphonse
2026-05-08,19:00,Three Days Grace &#8211; Alienation Tour
2026-05-08,19:00,Halifax Hoopers vs TriCity Tide
2026-05-08,19:30,Neon Dreams
2026-05-08,20:00,Comedy Misfits Canso &#8211; May 08
2026-05-08,21:30,Nicholas Campbell Band &#8211; May 08
2026-05-09,19:00,Comedy Misfits Bridgewater &#8211; May 09
2026-05-09,19:30,Cecilia Concerts: Bryan Cheng and Balourdet Quartet: heartSTRINGS! &#8211; May 09
2026-05-09,21:00,Rasta Gumbo &#8211; May 09
2026-05-09,21:30,The Wharf Rats: A Grateful Dead Tribute &#8211; May 09
2026-05-11,19:00,Comedy Misfits Wolfville &#8211; May 11
2026-05-11,19:30,Morgan Davis
2026-05-12,19:00,Tuesday Night Jazz at The Shoe
2026-05-12,19:00,Comedy Misfits Yarmouth &#8211; May 12
2026-05-12,20:30,Garrett Mason
2026-05-13,19:00,Comedy Misfits Annapolis Royal &#8211; May 13
2026-05-13,20:00,Catherine Robertson&#8217;s Comedy Hour! &#8211; May 13
2026-05-14,18:30,Bearly&#8217;s Trivia with Kieran!
2026-05-14,19:00,Comedy Misfits Berwick &#8211; May 14
2026-05-15,17:30,Big Easy Fridays &#8211; Sounds of New Orleans with Mike Cowie &amp; John Alphonse
2026-05-15,18:30,Candlelight: Tribute to Pink Floyd &#8211; May 15
2026-05-15,19:00,Comedy Misfits Lunenburg &#8211; May 15
2026-05-15,20:45,Candlelight: Ed Sheeran Meets Coldplay &#8211; May 15
2026-05-15,21:00,WINTERSLEEP – MAY 15TH
2026-05-16,20:00,WINTERSLEEP
2026-05-16,20:00,Comedy Misfits Amherst &#8211; May 16
2026-05-16,21:00,WINTERSLEEP – MAY 16TH
2026-05-16,21:00,The Hypochondriacs &#8211; May 16
2026-05-17,19:00,Leeroy Stagger + Dennis Ellsworth &#8211; May 17
2026-05-18,18:00,Halifax Tides FC vs. Vancouver Rise FC &#8211; May 18
2026-05-18,19:00,Halifax Hoopers vs Tri- State Admirals
2026-05-18,19:30,Morgan Davis
2026-05-19,19:00,Tuesday Night Jazz at The Shoe
2026-05-19,20:30,Garrett Mason
2026-05-20,20:00,Catherine Robertson&#8217;s Comedy Hour! &#8211; May 20
2026-05-21,18:30,Bearly&#8217;s Trivia with Kieran!
2026-05-21,19:30,Gina Burgess (Full Band Show) &#8211; May 21
2026-05-22,17:30,Big Easy Fridays &#8211; Sounds of New Orleans with Mike Cowie &amp; John Alphonse
2026-05-22,19:00,Halifax Hoopers vs TriCity Tide
2026-05-22,20:00,Robert Thomas &amp; the sessionmen + Freya Milliken &#8211; May 22
2026-05-22,21:30,Steve Marriner &#8211; May 22
2026-05-23,15:00,&#x1f48e; The Blind Date Edition | 20&#8217;s &#8211; 40&#8217;s &#8211; May 23
2026-05-23,16:00,Halifax Wanderers FC vs. Inter Toronto FC &#8211; May 23
2026-05-23,19:00,Halifax Hoopers vs Antigonish
2026-05-23,20:00,Pretty Archie &#8211; May 23
2026-05-24,15:00,Halifax Hoopers vs Tri-City Tide
2026-05-24,19:00,Brass Camel &#8211; May 24
2026-05-25,19:30,Morgan Davis
2026-05-25,19:30,Blue Mondays with Morgan Davis &#8211; May 25
2026-05-26,19:00,Tuesday Night Jazz at The Shoe
2026-05-26,20:30,Garrett Mason
2026-05-27,19:00,The Coldplay Experience &#8211; May 27
2026-05-27,19:00,"Napalm Death, Primitive Man, Ritual Warfare and Breakneck live in Halifax &#8211; May 27"
2026-05-27,19:30,The Guess Who: Takin&#8217; It Back Tour
2026-05-27,20:00,Catherine Robertson&#8217;s Comedy Hour! &#8211; May 27
2026-05-28,18:30,Bearly&#8217;s Trivia with Kieran!
2026-05-29,17:30,Big Easy Fridays &#8211; Sounds of New Orleans with Mike Cowie &amp; John Alphonse
2026-05-29,18:00,Halifax Tides FC vs. Ottawa Rapid FC &#8211; May 29
2026-05-29,20:00,The Alan Jackson Experience
2026-05-30,16:00,Halifax Wanderers FC vs. Vancouver FC &#8211; May 30
2026-05-30,20:00,Petty Larceny – The Music Of Tom Petty &#8211; May 30
2026-06-01,19:30,Morgan Davis
2026-06-02,19:00,Tuesday Night Jazz at The Shoe
2026-06-02,20:30,Garrett Mason
2026-06-04,18:30,Bearly&#8217;s Trivia with Kieran!
2026-06-04,19:30,Acres and Acres W/ Karol Brown &#8211; Jun 04
2026-06-05,17:30,Big Easy Fridays &#8211; Sounds of New Orleans with Mike Cowie &amp; John Alphonse
2026-06-06,20:00,Bruce Fummey – Scotland Made the World
2026-06-07,00:00,Come From Away
2026-06-08,19:30,Morgan Davis
2026-06-09,19:00,Tuesday Night Jazz at The Shoe
2026-06-09,19:00,John Allaire + Darrel Cameron &#8211; Jun 09
2026-06-09,20:30,Garrett Mason
2026-06-10,19:00,Craft Draught Showdown: 2 Crows VS North &#8211; Jun 10
2026-06-11,18:30,Bearly&#8217;s Trivia with Kieran!
2026-06-12,17:30,Big Easy Fridays &#8211; Sounds of New Orleans with Mike Cowie &amp; John Alphonse
2026-06-13,08:00,The OBGMs at EVERYSEEKER &#8211; Jun 13
2026-06-13,13:30,Halifax Tides FC vs. Calgary Wild FC &#8211; Jun 13
2026-06-15,19:30,Morgan Davis
2026-06-16,19:00,Tuesday Night Jazz at The Shoe
2026-06-16,20:30,Garrett Mason
2026-06-17,19:00,The Pairs &#8211; Jun 17
2026-06-18,11:00,Halifax Tides FC vs. Vancouver Rise FC &#8211; Jun 18
2026-06-18,18:30,Bearly&#8217;s Trivia with Kieran!
2026-06-19,17:30,Big Easy Fridays &#8211; Sounds of New Orleans with Mike Cowie &amp; John Alphonse
2026-06-19,19:00,Tim Hicks Going Somewhere Tour
2026-06-19,19:00,Tim Hicks Going Somewhere Tour &#8211; Jun 19
2026-06-21,20:45,Candlelight: Tribute to Queen and The Beatles
2026-06-21,20:45,Candlelight: Tribute to British Rock Legends &#8211; Jun 21
2026-06-22,19:30,Morgan Davis
2026-06-23,19:00,Tuesday Night Jazz at The Shoe
2026-06-23,20:30,Garrett Mason
2026-06-24,19:00,Hysteria MTL – Tribute To Def Leppard
2026-06-25,18:30,Bearly&#8217;s Trivia with Kieran!
2026-06-26,17:30,Big Easy Fridays &#8211; Sounds of New Orleans with Mike Cowie &amp; John Alphonse
2026-06-26,19:00,Halifax Wanderers FC vs. Pacific FC &#8211; Jun 26
2026-06-26,20:00,Shiny Happy People – An R.E.M. Tribute
2026-06-26,20:00,Shiny Happy People – An R.E.M. Tribute &#8211; Jun 26
2026-06-26,21:00,THE BUG CLUB &amp; THE BOOJUMS &#8211; Jun 26
2026-06-27,19:30,Steve Earle &#8211; 51 Years of Songs &amp; Stories &#8211; Jun 27
2026-06-28,19:30,Steve Earle &#8211; 51 Years of Songs &amp; Stories &#8211; Jun 28
2026-06-29,19:30,Morgan Davis
2026-06-30,19:00,Tuesday Night Jazz at The Shoe
2026-06-30,20:30,Garrett Mason
2026-07-01,12:00,Royal Nova Scotia International Tattoo: PRIVATE BACKSTAGE TOUR
2026-07-01,14:00,2026 Royal Nova Scotia International Tattoo
2026-07-01,17:00,Halifax Wanderers FC vs. Atlético Ottawa &#8211; Jul 01
2026-07-02,15:00,Royal Nova Scotia International Tattoo: BACKSTAGE TOUR
2026-07-02,18:30,Bearly&#8217;s Trivia with Kieran!
2026-07-02,19:00,2026 Royal Nova Scotia International Tattoo
2026-07-03,15:00,Royal Nova Scotia International Tattoo: BACKSTAGE TOUR
2026-07-03,17:30,Big Easy Fridays &#8211; Sounds of New Orleans with Mike Cowie &amp; John Alphonse
2026-07-03,19:00,2026 Royal Nova Scotia International Tattoo
2026-07-04,10:00,Royal Nova Scotia International Tattoo: BACKSTAGE TOUR
2026-07-04,14:00,2026 Royal Nova Scotia International Tattoo
2026-07-05,10:00,Royal Nova Scotia International Tattoo: BACKSTAGE TOUR
2026-07-05,14:00,2026 Royal Nova Scotia International Tattoo
2026-07-05,16:00,Halifax Tides FC vs. AFC Toronto &#8211; Jul 05
2026-07-06,19:30,Morgan Davis
2026-07-07,19:00,Tuesday Night Jazz at The Shoe
2026-07-07,20:30,Garrett Mason
2026-07-09,18:30,Bearly&#8217;s Trivia with Kieran!
2026-07-09,20:30,TD Halifax Jazz Festival Presents: The Mingus Project &#8211; Jul 09
2026-07-10,17:30,Big Easy Fridays &#8211; Sounds of New Orleans with Mike Cowie &amp; John Alphonse
2026-07-10,20:30,TD Halifax Jazz Festival Presents: Elysia Biro &#8211; Jul 10
2026-07-11,20:30,TD Halifax Jazz Festival Presents: Robert Lee Group &#8211; Jul 11
2026-07-13,19:30,Morgan Davis
2026-07-14,19:00,Tuesday Night Jazz at The Shoe
2026-07-14,19:00,Fred Eaglesmith Starring Tif Ginn &#8211; Jul 14
2026-07-14,20:30,Garrett Mason
2026-07-15,19:00,Fred Eaglesmith Starring Tif Ginn &#8211; Jul 15
2026-07-16,18:30,Bearly&#8217;s Trivia with Kieran!
2026-07-17,17:30,Big Easy Fridays &#8211; Sounds of New Orleans with Mike Cowie &amp; John Alphonse
2026-07-17,19:00,An Evening with Joe Avati
2026-07-20,19:30,Morgan Davis
2026-07-21,19:00,Tuesday Night Jazz at The Shoe
2026-07-21,20:30,Garrett Mason
2026-07-22,19:30,MAGIC MEN AUSTRALIA FEEL THE MAGIC 2026 WORLD TOUR
2026-07-22,19:30,MAGIC MEN AUSTRALIA FEEL THE MAGIC 2026 WORLD TOUR &#8211; Jul 22
2026-07-23,18:30,Bearly&#8217;s Trivia with Kieran!
2026-07-24,17:30,Big Easy Fridays &#8211; Sounds of New Orleans with Mike Cowie &amp; John Alphonse
2026-07-24,19:00,Halifax Wanderers FC vs. FC Supra &#8211; Jul 24
2026-07-24,20:00,Ben’s Doing Fine Live at Stage1
2026-07-27,19:30,Morgan Davis
2026-07-28,19:00,Tuesday Night Jazz at The Shoe
2026-07-28,20:30,Garrett Mason
2026-07-30,18:30,Bearly&#8217;s Trivia with Kieran!
2026-07-31,17:30,Big Easy Fridays &#8211; Sounds of New Orleans with Mike Cowie &amp; John Alphonse
2026-08-01,20:00,Kathleen Edwards
2026-08-02,19:00,Halifax Wanderers FC vs. Forge FC &#8211; Aug 02
2026-08-03,15:00,Halifax Tides FC vs. Ottawa Rapid FC &#8211; Aug 03
2026-08-03,16:00,Halifax Wanderers FC vs. Forge FC &#8211; Aug 03
2026-08-03,19:30,Morgan Davis
2026-08-04,19:00,Tuesday Night Jazz at The Shoe
2026-08-04,20:30,Garrett Mason
2026-08-06,18:30,Bearly&#8217;s Trivia with Kieran!
2026-08-07,17:30,Big Easy Fridays &#8211; Sounds of New Orleans with Mike Cowie &amp; John Alphonse
2026-08-10,19:30,Morgan Davis
2026-08-11,19:00,Tuesday Night Jazz at The Shoe
2026-08-11,20:30,Garrett Mason
2026-08-13,18:30,Bearly&#8217;s Trivia with Kieran!
2026-08-14,17:30,Big Easy Fridays &#8211; Sounds of New Orleans with Mike Cowie &amp; John Alphonse
2026-08-17,19:30,Morgan Davis
2026-08-18,19:00,Tuesday Night Jazz at The Shoe
2026-08-18,20:30,Garrett Mason
2026-08-20,00:00,"Matt Mays, Joel Plaskett Emergency, Terra Lightfoot"
2026-08-20,18:30,Bearly&#8217;s Trivia with Kieran!
2026-08-20,19:00,The Fabulously Rich Live at Steele Wheels
2026-08-21,00:00,"Matt Mays, Joel Plaskett Emergency, Terra Lightfoot"
2026-08-21,17:30,Big Easy Fridays &#8211; Sounds of New Orleans with Mike Cowie &amp; John Alphonse
2026-08-22,00:00,"Matt Mays, Joel Plaskett Emergency, Terra Lightfoot"
2026-08-22,15:00,Halifax Wanderers FC vs. Vancouver FC &#8211; Aug 22
2026-08-23,13:00,Halifax Tides FC vs. AFC Toronto &#8211; Aug 23
2026-08-24,19:30,Morgan Davis
2026-08-25,19:00,Tuesday Night Jazz at The Shoe
2026-08-25,20:30,Garrett Mason
2026-08-26,19:00,Craft Draught Showdown: Big Spruce VS Tatamagouche &#8211; Aug 26
2026-08-27,18:30,Bearly&#8217;s Trivia with Kieran!
2026-08-28,17:30,Big Easy Fridays &#8211; Sounds of New Orleans with Mike Cowie &amp; John Alphonse
2026-08-31,19:30,Morgan Davis
2026-09-01,19:00,Tuesday Night Jazz at The Shoe
2026-09-01,20:30,Garrett Mason
2026-09-03,18:30,Bearly&#8217;s Trivia with Kieran!
2026-09-03,20:00,The Australian Pink Floyd Show
2026-09-03,20:00,The Australian Pink Floyd Show &#8211; Sep 03
2026-09-04,17:30,Big Easy Fridays &#8211; Sounds of New Orleans with Mike Cowie &amp; John Alphonse
2026-09-07,16:00,Halifax Wanderers FC vs. Cavalry FC &#8211; Sep 07
2026-09-07,19:30,Morgan Davis
2026-09-08,19:00,Tuesday Night Jazz at The Shoe
2026-09-08,20:30,Garrett Mason
2026-09-10,18:30,Bearly&#8217;s Trivia with Kieran!
2026-09-11,17:30,Big Easy Fridays &#8211; Sounds of New Orleans with Mike Cowie &amp; John Alphonse
2026-09-14,19:30,Morgan Davis
2026-09-15,19:00,Tuesday Night Jazz at The Shoe
2026-09-15,20:30,Garrett Mason
2026-09-17,18:30,Bearly&#8217;s Trivia with Kieran!
2026-09-18,17:30,Big Easy Fridays &#8211; Sounds of New Orleans with Mike Cowie &amp; John Alphonse
2026-09-18,20:00,Thunder from Down Under (FRIDAY)
2026-09-19,15:00,Halifax Tides FC vs. AFC Toronto &#8211; Sep 19
2026-09-19,20:00,Thunder from Down Under (SATURDAY)
2026-09-20,16:00,Halifax Wanderers FC vs. Inter Toronto FC &#8211; Sep 20
2026-09-21,19:30,Morgan Davis
2026-09-22,19:00,Tuesday Night Jazz at The Shoe
2026-09-22,20:30,Garrett Mason
2026-09-23,19:00,Craft Draught Showdown: Annapolis VS Tanner &amp; Co. &#8211; Sep 23
2026-09-24,18:30,Bearly&#8217;s Trivia with Kieran!
2026-09-25,17:30,Big Easy Fridays &#8211; Sounds of New Orleans with Mike Cowie &amp; John Alphonse
2026-09-26,16:00,Halifax Wanderers FC vs. Atlético Ottawa &#8211; Sep 26
2026-09-27,13:00,Halifax Tides FC vs. Roses de Montréal FC &#8211; Sep 27
2026-09-28,19:30,Morgan Davis
2026-09-29,19:00,Tuesday Night Jazz at The Shoe
2026-09-29,20:30,Garrett Mason
2026-10-01,18:30,Bearly&#8217;s Trivia with Kieran!
2026-10-02,17:30,Big Easy Fridays &#8211; Sounds of New Orleans with Mike Cowie &amp; John Alphonse
2026-10-03,15:00,Halifax Tides FC vs. Calgary Wild FC &#8211; Oct 03
2026-10-05,19:00,David Francey &#8211; Oct 05
2026-10-05,19:30,Morgan Davis
2026-10-06,19:00,Tuesday Night Jazz at The Shoe
2026-10-06,19:00,David Francey &#8211; Oct 06
2026-10-06,20:30,Garrett Mason
2026-10-08,18:30,Bearly&#8217;s Trivia with Kieran!
2026-10-09,00:00,Walking in the Footsteps &#8211; Oct 09
2026-10-09,17:30,Big Easy Fridays &#8211; Sounds of New Orleans with Mike Cowie &amp; John Alphonse
2026-10-09,20:00,Ben’s Doing Fine Live at Stage1
2026-10-10,20:00,SIXX PAXX &#8211; Europe&#8217;s #1 Male Revue &#8211; Oct 10
2026-10-12,17:00,Halifax Wanderers FC vs. Cavalry FC &#8211; Oct 12
2026-10-12,19:30,Morgan Davis
2026-10-13,19:00,Tuesday Night Jazz at The Shoe
2026-10-13,20:30,Garrett Mason
2026-10-14,19:30,The Black Keys: Peaches &#8216;N Kream World Tour &#8217;26 &#8211; Oct 14
2026-10-14,19:30,The Black Keys: PEACHES &#8216;N KREAM &#8211; Oct 14
2026-10-15,18:30,Bearly&#8217;s Trivia with Kieran!
2026-10-16,17:30,Big Easy Fridays &#8211; Sounds of New Orleans with Mike Cowie &amp; John Alphonse
2026-10-16,20:00,The Sheepdogs (FRIDAY)
2026-10-17,15:00,Halifax Tides FC vs. Roses de Montréal FC &#8211; Oct 17
2026-10-17,20:00,The Sheepdogs (SATURDAY)
2026-10-19,19:30,Morgan Davis
2026-10-20,19:00,Tuesday Night Jazz at The Shoe
2026-10-20,20:30,Garrett Mason
2026-10-21,19:30,Styx &#8211; Oct 21
2026-10-22,18:30,Bearly&#8217;s Trivia with Kieran!
2026-10-23,17:30,Big Easy Fridays &#8211; Sounds of New Orleans with Mike Cowie &amp; John Alphonse
2026-10-25,17:00,Halifax Wanderers FC vs. FC Supra &#8211; Oct 25
2026-10-26,19:30,Morgan Davis
2026-10-27,19:00,Tuesday Night Jazz at The Shoe
2026-10-27,20:30,Garrett Mason
2026-10-29,18:30,Bearly&#8217;s Trivia with Kieran!
2026-10-30,17:30,Big Easy Fridays &#8211; Sounds of New Orleans with Mike Cowie &amp; John Alphonse
2026-10-31,23:59,2026 Halifax Tides FC Season Tickets &#8211; Oct 31
2026-11-02,19:30,Morgan Davis
2026-11-03,19:00,Tuesday Night Jazz at The Shoe
2026-11-03,20:30,Garrett Mason
2026-11-05,18:30,Bearly&#8217;s Trivia with Kieran!
2026-11-06,17:30,Big Easy Fridays &#8211; Sounds of New Orleans with Mike Cowie &amp; John Alphonse
2026-11-09,19:30,Morgan Davis
2026-11-10,19:00,Tuesday Night Jazz at The Shoe
2026-11-10,20:30,Garrett Mason
2026-11-12,18:30,Bearly&#8217;s Trivia with Kieran!
2026-11-13,17:30,Big Easy Fridays &#8211; Sounds of New Orleans with Mike Cowie &amp; John Alphonse
2026-11-16,19:30,Morgan Davis
2026-11-17,19:00,Tuesday Night Jazz at The Shoe
2026-11-17,20:30,Garrett Mason
2026-11-19,18:30,Bearly&#8217;s Trivia with Kieran!
2026-11-19,19:30,Harry Manx &#8211; Nov 19
2026-11-20,17:30,Big Easy Fridays &#8211; Sounds of New Orleans with Mike Cowie &amp; John Alphonse
2026-11-21,20:00,Jimmy Carr: Laughs Funny
2026-11-23,19:30,Morgan Davis
2026-11-24,00:00,Dickens&#8217; A Christmas Carol &#8211; Nov 24-Dec 27
2026-11-24,00:00,Dickens&#8217; A Christmas Carol &#8211; Nov 24 &#8211; Dec 27
2026-11-24,19:00,Tuesday Night Jazz at The Shoe
2026-11-24,20:30,Garrett Mason
2026-11-26,18:30,Bearly&#8217;s Trivia with Kieran!
2026-11-27,17:30,Big Easy Fridays &#8211; Sounds of New Orleans with Mike Cowie &amp; John Alphonse
2026-11-30,19:30,Morgan Davis
2026-12-01,19:00,Tuesday Night Jazz at The Shoe
2026-12-01,20:30,Garrett Mason
2026-12-03,18:30,Bearly&#8217;s Trivia with Kieran!
2026-12-04,17:30,Big Easy Fridays &#8211; Sounds of New Orleans with Mike Cowie &amp; John Alphonse
2026-12-07,19:30,Morgan Davis
2026-12-08,19:00,Tuesday Night Jazz at The Shoe
2026-12-08,20:30,Garrett Mason
2026-12-10,18:30,Bearly&#8217;s Trivia with Kieran!
2026-12-11,17:30,Big Easy Fridays &#8211; Sounds of New Orleans with Mike Cowie &amp; John Alphonse
2026-12-14,19:30,Morgan Davis
2026-12-15,19:00,Tuesday Night Jazz at The Shoe
2026-12-15,20:30,Garrett Mason
2026-12-16,19:00,Craft Draught Showdown: Darty VS Propeller &#8211; Dec 16
2026-12-17,18:30,Bearly&#8217;s Trivia with Kieran!
2026-12-18,17:30,Big Easy Fridays &#8211; Sounds of New Orleans with Mike Cowie &amp; John Alphonse
2026-12-21,19:30,Morgan Davis
2026-12-22,19:00,Tuesday Night Jazz at The Shoe
2026-12-22,20:30,Garrett Mason
2026-12-28,19:30,Morgan Davis
2026-12-29,19:00,Tuesday Night Jazz at The Shoe
2027-02-07,19:30,Hilary Duff: the lucky me tour &#8211; Feb 07
